id;member_name;member_sn;contact;sex;mobile;country;province;city;district;offset_type;longitude;latitude;address
1;Saint Helena Bacon i;International Border;emulation;UNKNOWN;repurpose;Antarctica (the terr;Investor Incredible ;Torpfurt;embrace interfaces R;MARS;18191;45595;protocol Frozen Yuan Renminbi
2;olive;Palladium invoice;Generic Granite Saus;WOMAN;Grocery;Rwanda;turquoise;North Clairstad;Pennsylvania;GPS;82608;89284;Integration payment streamline
3;Fresh Implementation;teal Intelligent Fro;Rubber back-end;UNKNOWN;West Virgin;Saint Barthelemy;Greece;New Okeychester;Fresh International ;MARS;25976;66736;Bypass Solutions
4;calculating Research;intangible real-time;synergies;WOMAN;copy Money ;Isle of Man;Berkshire artificial;Jacobsonport;Sleek online Reactiv;MARS;50178;75236;killer Yemeni Rial Tasty Granite Hat
5;Checking Account;Industrial Handcraft;Home Loan Account ro;UNKNOWN;Handcrafted;United Kingdom;Bacon partnerships S;Port Kelleyburgh;Berkshire;BAIDU;68401;81370;1080p Tennessee
6;Cotton;green Sleek Concrete;Keyboard user-facing;MAN;Angola Stra;Eritrea;maximize Pizza;Port Litzy;Team-oriented Austra;GPS;58693;69666;solid state
7;Customizable innovat;firewall California ;Bedfordshire enginee;MAN;Home Loan A;New Zealand;bricks-and-clicks Sa;East Santiagotown;Australian Dollar Ru;MAPBAR;23952;51429;methodical Cambridgeshire
8;vortals Checking Acc;Money Market Account;Chips support;MAN;Pre-emptive;Belarus;Salad Buckinghamshir;Mazietown;incentivize Frozen;MERCATOR;61200;28574;red e-markets Cotton
9;Administrator syndic;Internal withdrawal;ubiquitous Cambridge;WOMAN;markets hac;Costa Rica;Pants Maine compress;Port Mohammed;invoice Extended;SOGOU;40691;82498;portals
10;web-enabled Summit;Baby integrated Refi;Georgia;UNKNOWN;strategize;Thailand;Run Manager;North Nataliemouth;forecast solid state;MARS;36933;2124;Investment Account payment Chicken
