id;name;sn;icon;sort;disabled;created_by;created_date;last_modified_date;last_modified_by
1;Mountain;India;Gloves;591587116;false;Response;2020-04-22T09:09:40;2020-04-23T05:53:59;extend Awesome Woode
2;Wooden XML;back-;niches auxiliary;886580314;true;Personal Loan Accoun;2020-04-22T13:12:03;2020-04-22T09:05:57;Soft Money Market Ac
3;AI Home Lo;Coord;open architecture modular toolset;490193530;false;Investment Account G;2020-04-22T17:19:05;2020-04-22T13:27:59;applications Money M
4;granular C;1080p;asymmetric bus;170077197;true;Networked;2020-04-23T06:54:05;2020-04-22T15:38:35;Finland virtual
5;Sports;Avon ;Computers;973842480;false;neural quantifying F;2020-04-23T05:46:13;2020-04-22T16:28:55;Towels
6;Practical ;XSS O;Intranet Forward;962055942;true;multi-tasking Direct;2020-04-22T07:24:36;2020-04-22T15:28:06;harness help-desk St
7;Associate ;overr;Sausages Fresh Usability;728757594;false;Kwacha content;2020-04-22T07:47:40;2020-04-22T19:26:53;generating indigo ca
8;Home Loan ;e-ena;Russian Ruble Taka transmitting;69903274;true;intangible alarm Lic;2020-04-22T16:00:54;2020-04-22T23:14:14;neural
9;interface;embra;Cambridgeshire;483624103;true;FTP invoice;2020-04-22T07:44:20;2020-04-23T00:12:53;Jamaica Kansas
10;Metal Oreg;neura;enterprise Health Metical;25612158;false;Electronics Checking;2020-04-22T11:22:01;2020-04-22T12:09:12;deposit
