id;name;sn;open_id;union_id;profile_picture;sex;country;province;city;join_date;last_login_date
1;dot-com asymmetric F;yellow;Corporate Via California;holistic internet solution Open-;reboot bandwidth-monitored;UNKNOWN;Yemen;back up Avon;New Eulaview;2020-04-22T22:11:44;2020-04-22T22:24:06
2;Optimization mint gr;Awesome Steel Car;Response Creative;Rubber;Estate;MAN;Niue;circuit Granite;South Alanaside;2020-04-23T03:05:44;2020-04-22T15:51:31
3;Salad Planner withdr;Handcrafted Plastic ;Integration;Exclusive Research withdrawal;Lebanese Pound metrics systems;MAN;Saint Kitts and Nevi;Djibouti Franc Pract;Wymanland;2020-04-22T08:10:39;2020-04-23T02:36:46
4;backing up Utah mage;New Mexico;support SQL Ohio;transmit;Beauty New Hampshire;UNKNOWN;Latvia;North Carolina Senio;Lake Herthastad;2020-04-23T04:26:01;2020-04-22T19:17:26
5;Metal;input Web Cotton;fault-tolerant;FTP;innovative Small;WOMAN;Argentina;Mills;Denischester;2020-04-22T23:25:12;2020-04-22T10:55:03
6;deposit;Communications Fish ;convergence silver;Berkshire Cambridgeshire Books;overriding efficient Turkey;MAN;French Guiana;Small Cotton Chicken;Port Marley;2020-04-22T17:22:47;2020-04-22T21:25:36
7;Practical Frozen Tow;primary Alaska objec;array 24/365 metrics;Shoes Steel Personal Loan Accoun;zero tolerance fresh-thinking;WOMAN;Bangladesh;discrete;West Shaunstad;2020-04-22T23:02:03;2020-04-22T13:59:33
8;Hawaii;Ridges;Clothing 24/7;olive protocol;Indiana THX;WOMAN;Ukraine;infomediaries;Lauriemouth;2020-04-22T09:36:12;2020-04-23T03:24:28
9;Internal Lebanon;Cotton system;Berkshire Gibraltar connecting;Savings Account Hawaii;Personal Loan Account;UNKNOWN;Mauritius;Electronics Ergonomi;North Karianneland;2020-04-22T22:43:35;2020-04-22T21:32:16
10;interactive;intuitive;Kids;budgetary management synthesize;Practical Soft Chair Refined Wooden Hat;UNKNOWN;Pakistan;deposit strategy;North Paxton;2020-04-22T13:06:02;2020-04-22T17:52:25
