id;name;logo;tel;email;website;icp;created_by;created_date;last_modified_date;last_modified_by
1;ROI;hardware;solid state M;"zm@t.CCQMq";SAS deposit quantifying;Distributed Distribu;1080p;2020-04-22T07:27:31;2020-04-22T14:32:34;Fantastic Wooden Cha
2;Computers magnetic;Steel Georgia Borders;Jordanian Din;"i_t@x.S.oQ.pSnr";Direct Synergized card;Springs;synthesize sky blue;2020-04-22T08:33:27;2020-04-23T02:00:47;invoice New Leu virt
3;Executive synthesize;local area network Investment Account open system;Checking Acco;"8yo3sV@yq.O.2_0d";matrices Handcrafted Fresh Keyboard Rubber;Universal;Indiana;2020-04-23T06:04:47;2020-04-22T20:52:13;Investment Account A
4;Brand;Soft Functionality sensor;Branding syst;"A@i2Sva7.E";Soft Consultant;microchip;transmit SMTP;2020-04-22T20:33:45;2020-04-22T21:54:26;Frozen
5;channels;haptic Handcrafted Cedi;Granite Ergon;"av@c.G";TCP lime National;withdrawal SDD SMS;indigo;2020-04-22T11:05:58;2020-04-22T20:19:54;background
6;Passage;Dynamic reinvent Practical;Plastic reint;"vuYtIq@JkNCDB.x2B.K";Forest;magenta;input facilitate;2020-04-22T08:34:10;2020-04-23T02:21:35;Avon Jewelery Small 
7;Louisiana Mouse mage;deposit Health morph;Tasty;"LiqlgY@5zEch.23.hycm.eNQ.9";alarm Quality virtual;Analyst Granite;Papua New Guinea Str;2020-04-23T06:48:49;2020-04-22T15:01:23;Coordinator client-d
8;European Monetary Un;Center Auto Loan Account indigo;TCP Solutions;"y@lG.lFWJ";Soft Investment Account;cyan Adaptive Border;Baby Sleek Concrete ;2020-04-22T13:54:20;2020-04-22T10:58:19;conglomeration Rial 
9;Shoes deploy XSS;Executive calculate;radical Licen;"0S7EZ@nqi.Ek.2o";Credit Card Account Buckinghamshire envisioneer;firewall Madagascar;Grass-roots stable B;2020-04-22T07:24:20;2020-04-22T08:09:27;JSON
10;Intelligent B2B;Computer back up;virtual RAM R;"vMGaQs@ZQ.6iZPQ.g.apyya.I1My.86";deposit Alabama;Bedfordshire;explicit;2020-04-23T02:20:45;2020-04-22T12:11:28;Tunisian Dinar Decen
