id;content;sort;status;created_by;created_date;last_modified_date;last_modified_by
1;generating Keyboard;211583314;RECEDED;Saint Vincent and th;2020-04-22T21:27:46;2020-04-22T23:35:27;Credit Card Account 
2;navigate;240085557;NEW;Computer enable;2020-04-22T14:28:09;2020-04-22T21:17:05;online Integrated
3;supply-chains markets Personal Loan Account;916186076;RECEDED;Prairie fault-tolera;2020-04-22T20:06:34;2020-04-22T13:00:31;Legacy project
4;Awesome Metal Gloves digital Practical;607406392;PUBLISHED;IB Handmade Granite ;2020-04-23T07:07:38;2020-04-22T12:18:38;withdrawal Bedfordsh
5;Personal Loan Account Brazilian Real;833858939;PUBLISHED;Viaduct;2020-04-22T18:40:56;2020-04-23T04:25:26;HTTP e-commerce
6;sky blue Dynamic SSL;429308573;RECEDED;Dynamic Movies redun;2020-04-22T08:01:36;2020-04-22T12:17:41;Awesome
7;Tanzanian Shilling world-class;922533030;RECEDED;Computer payment;2020-04-22T23:53:55;2020-04-22T18:18:51;Central impactful In
8;teal;683621654;NEW;Buckinghamshire;2020-04-22T08:29:52;2020-04-22T08:19:54;Refined Frozen Bike 
9;transition Guinea-Bissau Boliviano Mvdol;146549494;NEW;Avon Turnpike Indust;2020-04-22T14:38:55;2020-04-23T02:41:06;transmit Representat
10;Handcrafted Concrete Shoes PNG salmon;940554251;NEW;Infrastructure focus;2020-04-22T16:47:49;2020-04-22T09:13:51;Cambridgeshire Inter
