id;member_name;member_sn;balance;last_modified_date
1;Tasty;PNG;81326;2020-04-22T08:10:46
2;Kentucky communities;Incredible Engineer;8033;2020-04-23T04:41:21
3;withdrawal auxiliary;Interactions;27661;2020-04-22T22:06:29
4;Ramp support;Kenyan Shilling Papu;53044;2020-04-22T14:04:14
5;empower;CSS Towels Incredibl;52952;2020-04-22T12:31:58
6;Sleek invoice Greece;Fresh;71181;2020-04-22T14:12:32
7;Intranet;Awesome mobile teal;64592;2020-04-23T00:55:08
8;analyzing;PNG;45331;2020-04-22T07:55:00
9;alarm Rubber;payment Upgradable;37178;2020-04-22T09:26:39
10;program;Toys;99197;2020-04-22T21:04:45
