id;week;sort;last_modified_date;last_modified_by
1;FRIDAY;53282765;2020-04-22T07:52:42;HTTP Metal
2;FRIDAY;119595758;2020-04-23T01:08:56;Communications Sleek
3;TUESDAY;416913765;2020-04-22T12:02:22;wireless Kip Music
4;MONDAY;693866759;2020-04-22T07:45:05;syndicate Rubber ini
5;THURSDAY;684662675;2020-04-22T07:49:20;Refined Cotton Towel
6;WEDNESDAY;750953392;2020-04-22T18:20:18;radical
7;SATURDAY;262212751;2020-04-22T09:26:30;Gorgeous Movies
8;MONDAY;214664367;2020-04-23T05:24:24;Metal program Consul
9;TUESDAY;834578957;2020-04-22T09:12:45;green Wooden Organiz
10;THURSDAY;977058697;2020-04-22T14:04:50;Licensed Rubber Shir
